nome,cognome
Vincenzo,Amendola
Giovanni,Arruzzolo
Vittoria,Baldino
Davide,Bergamini
Giuseppe,Bicchielli
Gianangelo,Bof
Simona,Bonafe'
Angelo,Bonelli
Francesco Emilio,Borrelli
Maria Paola,Boscaini
Michela Vittoria,Brambilla
Raffaele,Bruno
Virginio,Caparvi
Nicola,Care'
Maria Cristina,Caretta
Maria Rosaria,Carfagna
Andrea,Casu
Chiara,Colosimo
Alessandro,Colucci
Alfonso,Colucci
Andrea,Crippa
Andrea,Dara
Mauro,Del Barba
Michela,Di Biase
Carmela,Di Lauro
Salvatore Marcello,Di Mattina
Giovanni,Donzelli
Davide,Faraone
Antonio,Ferrara
Wanda,Ferro
Paolo,Formentini
Nicola,Fratoianni
Federico,Freni
Vannia,Gava
Francesca,Ghirra
Giancarlo,Giorgetti
Silvio,Giovine
Gian Antonio,Girelli
Chiara,Gribaudo
Marco,Grimaldi
Michele,Gubitosa
Francesco,Lollobrigida
Elena,Maccanti
Patrizia,Marrocco
Giorgia,Meloni
Emma,Pavanelli
Marco,Perissa
Calogero,Pisano
Fabio,Porta
Erik Umberto,Pretto
Angela,Raffa
Marianna,Ricciardi
Edoardo,Rixi
Walter,Rizzetto
Fabio,Roscani
Massimo,Ruspandini
Marco,Sarracino
Rossano,Sasso
Francesco,Silvestri
Alessandro,Sorte
Roberto,Speranza
Bruno,Tabacci
Alessandro,Urzi'
Maria Carolina,Varchi
